Model,Dataset,MAE (synth),MAE (real),MAE days won,MAE avg % adv,RMSE (synth),RMSE (real),RMSE days won,RMSE avg % adv
xgboost,lgbm,24.4642,31.0298,323/450,27.51,36.2937,44.1664,327/450,24.33
lightgbm,lgbm,24.5826,29.1635,313/450,23.84,36.7963,42.2395,322/450,19.94
lightgbm,intra,25.2882,29.1635,317/450,21.48,37.1069,42.2395,332/450,18.65
catboost,lgbm,25.3864,29.5512,322/450,20.81,37.134,42.4929,323/450,19.7
xgboost,intra,25.6383,31.0298,324/450,24.87,37.6441,44.1664,326/450,21.96
lightgbm,spline,25.8699,29.1635,267/450,22.84,38.0509,42.2395,269/450,20.01
xgboost,spline,25.9096,31.0298,298/450,24.71,38.0463,44.1664,305/450,21.63
catboost,spline,26.3477,29.5512,304/450,18.15,38.2162,42.4929,309/450,17.39
catboost,intra,26.4763,29.5512,302/450,18.99,38.1297,42.4929,313/450,18.05
rf,lgbm,27.0213,31.542,330/450,18.41,38.4891,44.9859,340/450,18.54
rf,spline,27.3875,31.542,319/450,17.12,38.9327,44.9859,350/450,16.29
rf,intra,27.5811,31.542,321/450,16.79,39.1434,44.9859,346/450,16.75
dnn,lgbm,36.2497,52.4296,394/450,33.94,50.3445,67.3677,379/450,30.54
dnn,spline,36.3706,52.4296,380/450,34.73,50.3713,67.3677,372/450,31.29
dnn,intra,37.0959,52.4296,388/450,33.34,50.9807,67.3677,370/450,30.67
