Study,Model,Dataset,MAE (synth),MAE (real),MAE days won,MAE avg % adv,RMSE (synth),RMSE (real),RMSE days won,RMSE avg % adv
Base (March),catboost,intra,22.9172,25.8909,20/30,22.36,29.6475,34.1318,22/30,21.88
Base (March),catboost,spline,22.9679,25.8909,22/30,19.02,29.79,34.1318,22/30,21.32
Base (March),catboost,lgbm,22.9922,25.8909,21/30,19.93,29.76,34.1318,21/30,21.64
Base (March),lightgbm,intra,22.8918,24.4744,20/30,16.37,30.0304,31.8952,21/30,16.27
Base (March),lightgbm,spline,23.0543,24.4744,19/30,15.81,30.2405,31.8952,20/30,16.93
Base (March),lightgbm,lgbm,22.504,24.4744,23/30,15.25,29.7612,31.8952,22/30,17.04
Base (March),xgboost,intra,23.1996,23.9127,19/30,14.03,30.4424,31.4705,22/30,14.03
Base (March),xgboost,spline,23.2313,23.9127,18/30,14.51,30.5214,31.4705,20/30,15.16
Base (March),xgboost,lgbm,22.5969,23.9127,20/30,16.93,30.039,31.4705,21/30,17.49
Base (March),rf,intra,23.8832,26.4449,21/30,16.12,30.9771,34.7697,25/30,14.66
Base (March),rf,spline,23.5711,26.4449,21/30,17.59,30.6836,34.7697,25/30,15.79
Base (March),rf,lgbm,23.4143,26.4449,23/30,17.18,30.4698,34.7697,25/30,16.43
Base (March),dnn,intra,28.3724,29.4455,19/30,18.88,36.4051,39.6253,20/30,19.27
Base (March),dnn,spline,26.6809,29.4455,18/30,27.63,35.4442,39.6253,18/30,26.39
Base (March),dnn,lgbm,28.2965,29.4455,16/30,27.11,36.5013,39.6253,17/30,25.82
Ablation (April),catboost,intra,26.299,29.3055,21/30,17.41,37.8981,42.2311,22/30,16.8
Ablation (April),catboost,spline,26.1579,29.3055,22/30,15.9,37.9898,42.2311,20/30,17.53
Ablation (April),catboost,lgbm,25.1477,29.3055,22/30,20.05,36.8701,42.2311,23/30,18.53
Ablation (April),lightgbm,intra,24.8922,28.8641,21/30,22.32,36.6546,41.923,23/30,18.42
Ablation (April),lightgbm,spline,25.5695,28.8641,17/30,24.22,37.6819,41.923,16/30,22.41
Ablation (April),lightgbm,lgbm,24.2192,28.8641,22/30,23.1,36.3982,41.923,22/30,19.79
Ablation (April),xgboost,intra,25.1319,30.6677,21/30,26.48,37.0448,43.78,22/30,22.57
Ablation (April),xgboost,spline,25.5188,30.6677,20/30,24.5,37.5733,43.78,20/30,22.14
Ablation (April),xgboost,lgbm,23.9956,30.6677,21/30,28.64,35.7724,43.78,21/30,25.54
Ablation (April),rf,intra,27.5192,31.4744,22/30,16.22,39.0635,44.9142,23/30,16.82
Ablation (April),rf,spline,27.3369,31.4744,23/30,15.69,38.8547,44.9142,23/30,16.53
Ablation (April),rf,lgbm,26.9607,31.4744,22/30,18.22,38.4054,44.9142,22/30,19.15
Ablation (April),dnn,intra,27.9569,42.4302,29/30,34.64,41.6483,54.9737,29/30,25.71
Ablation (April),dnn,spline,28.0413,42.4302,30/30,32.49,41.5856,54.9737,27/30,27.54
Ablation (April),dnn,lgbm,27.5751,42.4302,29/30,35.74,41.0444,54.9737,28/30,28.39
